Nqubits,Depth,mu,lambda,ngen,mutpb,cxpb,Time
5,5,30,15,3,0.3,0.7,Fri Mar 10 16:13:15 2023
Accuracy = 0.749, Recall = 0.6600985221674877 for 1th section of the data
Accuracy = 0.716, Recall = 0.6166832174776564 for 2th section of the data
Accuracy = 0.733, Recall = 0.5878172588832488 for 3th section of the data
Accuracy = 0.747, Recall = 0.6434955312810328 for 4th section of the data
Accuracy = 0.7495, Recall = 0.6557539682539683 for 5th section of the data
Accuracy = 0.742, Recall = 0.6219512195121951 for 6th section of the data
Accuracy = 0.747, Recall = 0.6566566566566566 for 7th section of the data
Nqubits,Depth,mu,lambda,ngen,mutpb,cxpb,Time
5,5,30,15,3,0.3,0.7,Fri Mar 10 16:14:54 2023

Accuracy = 0.7595, Recall = 0.7686034658511722 for 1th section of the data
Accuracy = 0.74, Recall = 0.7390873015873016 for 2th section of the data
Accuracy = 0.7545, Recall = 0.7662988966900702 for 3th section of the data
Accuracy = 0.7455, Recall = 0.7684729064039408 for 4th section of the data
Accuracy = 0.7315, Recall = 0.7416750756811302 for 5th section of the data
Accuracy = 0.7605, Recall = 0.7715736040609137 for 6th section of the data
Accuracy = 0.7525, Recall = 0.7479919678714859 for 7th section of the data

Nqubits,Depth,mu,lambda,ngen,mutpb,cxpb,Time
5,5,30,15,3,0.3,0.7,Fri Mar 10 16:15:39 2023

Accuracy = 0.758, Recall = 0.6923847695390781 for 1th section of the data
Accuracy = 0.717, Recall = 0.6670020120724346 for 2th section of the data
Accuracy = 0.7275, Recall = 0.6855409504550051 for 3th section of the data
Accuracy = 0.746, Recall = 0.7022977022977023 for 4th section of the data
Accuracy = 0.74, Recall = 0.7177974434611603 for 5th section of the data
Accuracy = 0.7195, Recall = 0.6537678207739308 for 6th section of the data
Accuracy = 0.747, Recall = 0.7068793619142573 for 7th section of the data

Nqubits,Depth,mu,lambda,ngen,mutpb,cxpb,Time
5,5,30,15,3,0.3,0.7,Fri Mar 10 16:17:06 2023

Accuracy = 0.677, Recall = 0.5820745216515609 for 1th section of the data
Accuracy = 0.6745, Recall = 0.605 for 2th section of the data
Accuracy = 0.677, Recall = 0.5768463073852296 for 3th section of the data
Accuracy = 0.646, Recall = 0.5985985985985987 for 4th section of the data
Accuracy = 0.6805, Recall = 0.6155378486055777 for 5th section of the data
Accuracy = 0.667, Recall = 0.5745526838966203 for 6th section of the data
Accuracy = 0.6785, Recall = 0.6191425722831505 for 7th section of the data

Nqubits,Depth,mu,lambda,ngen,mutpb,cxpb,Time
9,9,30,15,25,0.3,0.7,Fri Mar 10 16:43:49 2023

Accuracy = 0.7985, Recall = 0.7706057596822244 for 1th section of the data
Accuracy = 0.8155, Recall = 0.7586558044806517 for 2th section of the data
Accuracy = 0.8, Recall = 0.7723169508525577 for 3th section of the data
Accuracy = 0.805, Recall = 0.7996031746031746 for 4th section of the data
Accuracy = 0.7945, Recall = 0.7604373757455268 for 5th section of the data
Accuracy = 0.8075, Recall = 0.7793380140421263 for 6th section of the data
Accuracy = 0.8045, Recall = 0.7984111221449851 for 7th section of the data

Nqubits,Depth,mu,lambda,ngen,mutpb,cxpb,Time
8,12,50,20,25,0.3,0.7,Fri Mar 10 17:18:48 2023

Accuracy = 0.8015, Recall = 0.7061183550651956 for 1th section of the data
Accuracy = 0.7955, Recall = 0.707876370887338 for 2th section of the data
Accuracy = 0.796, Recall = 0.7120158887785502 for 3th section of the data
Accuracy = 0.7755, Recall = 0.6693386773547094 for 4th section of the data
Accuracy = 0.7995, Recall = 0.7182817182817183 for 5th section of the data
Accuracy = 0.785, Recall = 0.689108910891089 for 6th section of the data
Accuracy = 0.793, Recall = 0.7215064420218038 for 7th section of the data

Nqubits,Depth,mu,lambda,ngen,mutpb,cxpb,Time
5,5,5,2,2,0.3,0.7,Fri Mar 10 18:28:02 2023

Simulation finished after 1.2729997634887695 seconds

Accuracy = 0.6935, Recall = 0.6962524654832347 for 1th section of the data
Accuracy = 0.6925, Recall = 0.6773547094188377 for 2th section of the data
Accuracy = 0.7105, Recall = 0.6988071570576541 for 3th section of the data
Accuracy = 0.699, Recall = 0.6814516129032258 for 4th section of the data
Accuracy = 0.686, Recall = 0.6498993963782697 for 5th section of the data
Accuracy = 0.694, Recall = 0.7025125628140704 for 6th section of the data
Accuracy = 0.689, Recall = 0.6646646646646647 for 7th section of the data

Nqubits,Depth,mu,lambda,ngen,mutpb,cxpb,Time
8,12,5,2,10,0.3,0.7,Fri Mar 10 18:29:41 2023

Simulation finished after 50.64499473571777 seconds

Accuracy = 0.7995, Recall = 0.7660642570281124 for 1th section of the data
Accuracy = 0.79, Recall = 0.7661691542288557 for 2th section of the data
Accuracy = 0.778, Recall = 0.7585513078470825 for 3th section of the data
Accuracy = 0.7855, Recall = 0.7862137862137862 for 4th section of the data
Accuracy = 0.7855, Recall = 0.7643504531722054 for 5th section of the data
Accuracy = 0.787, Recall = 0.7687687687687688 for 6th section of the data
Accuracy = 0.78, Recall = 0.7586891757696127 for 7th section of the data

Nqubits,Depth,mu,lambda,ngen,mutpb,cxpb,Time
8,12,50,20,10,0.3,0.7,Fri Mar 10 19:24:11 2023

Simulation finished after 529.5528573989868 seconds

Accuracy = 0.7885, Recall = 0.7554890219560878 for 1th section of the data
Accuracy = 0.782, Recall = 0.7594433399602386 for 2th section of the data
Accuracy = 0.809, Recall = 0.7980198019801981 for 3th section of the data
Accuracy = 0.797, Recall = 0.7831325301204819 for 4th section of the data
Accuracy = 0.791, Recall = 0.758 for 5th section of the data
Accuracy = 0.7915, Recall = 0.7879396984924623 for 6th section of the data
Accuracy = 0.792, Recall = 0.7684729064039408 for 7th section of the data

Nqubits,Depth,mu,lambda,ngen,mutpb,cxpb,Time
8,12,20,10,30,0.3,0.7,Fri Mar 10 19:42:39 2023

Simulation finished after 630.190661907196 seconds

Accuracy = 0.787, Recall = 0.7413280475718533 for 1th section of the data
Accuracy = 0.792, Recall = 0.7422885572139304 for 2th section of the data
Accuracy = 0.7785, Recall = 0.7222222222222222 for 3th section of the data
Accuracy = 0.8105, Recall = 0.7654196157735086 for 4th section of the data
Accuracy = 0.7865, Recall = 0.7359437751004017 for 5th section of the data
Accuracy = 0.7945, Recall = 0.7289812067260139 for 6th section of the data
Accuracy = 0.796, Recall = 0.7674650698602794 for 7th section of the data

Nqubits,Depth,mu,lambda,ngen,mutpb,cxpb,Time
8,14,20,10,30,0.35,0.65,Fri Mar 10 20:25:13 2023

Simulation finished after 708.0141017436981 seconds

Accuracy = 0.8035, Recall = 0.7392607392607392 for 1th section of the data
Accuracy = 0.797, Recall = 0.7439516129032258 for 2th section of the data
Accuracy = 0.795, Recall = 0.7012072434607646 for 3th section of the data
Accuracy = 0.785, Recall = 0.709613478691774 for 4th section of the data
Accuracy = 0.808, Recall = 0.725 for 5th section of the data
Accuracy = 0.806, Recall = 0.748015873015873 for 6th section of the data
Accuracy = 0.793, Recall = 0.7101010101010101 for 7th section of the data

Nqubits,Depth,mu,lambda,ngen,mutpb,cxpb,Time
10,5,20,5,15,0.3,0.7,Sat Mar 11 09:19:58 2023

Simulation finished after 188.0867462158203 seconds training on 1000 samples

Accuracy = 0.7565, Recall = 0.6511156186612576 for 1th section of the data
Accuracy = 0.743, Recall = 0.6491575817641229 for 2th section of the data
Accuracy = 0.7735, Recall = 0.6923847695390781 for 3th section of the data
Accuracy = 0.7435, Recall = 0.6531620553359684 for 4th section of the data
Accuracy = 0.762, Recall = 0.6582406471183013 for 5th section of the data
Accuracy = 0.754, Recall = 0.6650049850448654 for 6th section of the data
Accuracy = 0.752, Recall = 0.6666666666666666 for 7th section of the data

Nqubits,Depth,mu,lambda,ngen,mutpb,cxpb,Time
10,7,20,5,15,0.3,0.7,Sat Mar 11 09:57:33 2023

Simulation finished after 230.7914319038391 seconds training on 1000 samples

Accuracy = 0.8055, Recall = 0.7382146439317954 for 1th section of the data
Accuracy = 0.8015, Recall = 0.7268244575936884 for 2th section of the data
Accuracy = 0.7915, Recall = 0.7380478087649402 for 3th section of the data
Accuracy = 0.7975, Recall = 0.7199191102123357 for 4th section of the data
Accuracy = 0.7985, Recall = 0.7450787401574803 for 5th section of the data
Accuracy = 0.8075, Recall = 0.7255297679112008 for 6th section of the data
Accuracy = 0.7995, Recall = 0.7381671701913394 for 7th section of the data
-------------------------------------------------
Nqubits,Depth,mu,lambda,ngen,mutpb,cxpb,Time
10,7,20,5,30,0.3,0.7,Sat Mar 11 11:05:58 2023

Simulation finished after 1336.6074228286743 seconds training on 2000 samples

Accuracy = 0.817, Recall = 0.812625250501002 for 1th section of the data
Accuracy = 0.8115, Recall = 0.7872127872127872 for 2th section of the data
Accuracy = 0.817, Recall = 0.8 for 3th section of the data
Accuracy = 0.811, Recall = 0.7992164544564153 for 4th section of the data
Accuracy = 0.8095, Recall = 0.7782299084435402 for 5th section of the data
Accuracy = 0.8245, Recall = 0.8022199798183652 for 6th section of the data
Accuracy = 0.8155, Recall = 0.7888999008919723 for 7th section of the data
-------------------------------------------------
Nqubits,Depth,mu,lambda,ngen,mutpb,cxpb,Time
10,8,20,5,30,0.3,0.7,Sat Mar 11 12:14:23 2023

Simulation finished after 1262.8669378757477 seconds training on 2000 samples

Accuracy = 0.8405, Recall = 0.8296593186372746 for 1th section of the data
Accuracy = 0.821, Recall = 0.7962037962037962 for 2th section of the data
Accuracy = 0.8345, Recall = 0.8196392785571143 for 3th section of the data
Accuracy = 0.8395, Recall = 0.8081510934393639 for 4th section of the data
Accuracy = 0.824, Recall = 0.8091528724440117 for 5th section of the data
Accuracy = 0.8335, Recall = 0.7943262411347518 for 6th section of the data
Accuracy = 0.82, Recall = 0.7925851703406813 for 7th section of the data
-------------------------------------------------
Nqubits,Depth,mu,lambda,ngen,mutpb,cxpb,Time
10,8,20,10,30,0.3,0.7,Sat Mar 11 13:18:08 2023

Simulation finished after 2457.093147277832 seconds training on 2000 samples

Accuracy = 0.843, Recall = 0.8391608391608392 for 1th section of the data
Accuracy = 0.853, Recall = 0.8516320474777448 for 2th section of the data
Accuracy = 0.8365, Recall = 0.8283433133732535 for 3th section of the data
Accuracy = 0.8325, Recall = 0.8180904522613065 for 4th section of the data
Accuracy = 0.839, Recall = 0.8186372745490982 for 5th section of the data
Accuracy = 0.837, Recall = 0.8331668331668332 for 6th section of the data
Accuracy = 0.844, Recall = 0.8266533066132264 for 7th section of the data
-------------------------------------------------
Nqubits,Depth,mu,lambda,ngen,mutpb,cxpb,Time
10,9,20,10,30,0.3,0.7,Sat Mar 11 14:31:08 2023

Simulation finished after 2983.0806550979614 seconds training on 2000 samples

Accuracy = 0.804, Recall = 0.8018018018018018 for 1th section of the data
Accuracy = 0.8235, Recall = 0.8416334661354582 for 2th section of the data
Accuracy = 0.812, Recall = 0.8137450199203188 for 3th section of the data
Accuracy = 0.8275, Recall = 0.8232931726907631 for 4th section of the data
Accuracy = 0.7985, Recall = 0.797 for 5th section of the data
Accuracy = 0.831, Recall = 0.8341658341658341 for 6th section of the data
Accuracy = 0.8185, Recall = 0.8068068068068068 for 7th section of the data
Performance testing finished after {time.time()-sim_time} seconds-------------------------------------------------
Nqubits,Depth,mu,lambda,ngen,mutpb,cxpb,Time
10,8,30,10,20,0.3,0.7,Sat Mar 11 15:39:46 2023

Simulation finished after 1952.188812494278 seconds training on 2000 samples

Accuracy = 0.823, Recall = 0.7768844221105528 for 1th section of the data
Accuracy = 0.805, Recall = 0.7592778335005015 for 2th section of the data
Accuracy = 0.8235, Recall = 0.7957957957957958 for 3th section of the data
Accuracy = 0.8125, Recall = 0.7788844621513944 for 4th section of the data
Accuracy = 0.8185, Recall = 0.7710233029381965 for 5th section of the data
Accuracy = 0.8165, Recall = 0.7829534192269574 for 6th section of the data
Accuracy = 0.814, Recall = 0.7749003984063745 for 7th section of the data
Performance testing finished after 1078.0368704795837 seconds-------------------------------------------------
Nqubits,Depth,mu,lambda,ngen,mutpb,cxpb,Time
10,10,30,15,20,0.3,0.7,Sat Mar 11 16:56:38 2023

Simulation finished after 1030.5078840255737 seconds training on 1000 samples

Accuracy = 0.8125, Recall = 0.7662203913491246 for 1th section of the data
Accuracy = 0.8, Recall = 0.7712287712287712 for 2th section of the data
Accuracy = 0.813, Recall = 0.792694965449161 for 3th section of the data
Accuracy = 0.804, Recall = 0.7825223435948362 for 4th section of the data
Accuracy = 0.8215, Recall = 0.7937937937937938 for 5th section of the data
Accuracy = 0.7995, Recall = 0.7758284600389863 for 6th section of the data
Accuracy = 0.7995, Recall = 0.7874251497005988 for 7th section of the data
Performance testing finished after 1003.1723673343658 seconds
-------------------------------------------------
Nqubits,Depth,mu,lambda,ngen,mutpb,cxpb,Time
10,10,30,15,30,0.3,0.7,Sat Mar 11 17:56:05 2023

Simulation finished after 2526.4569618701935 seconds training on 1500 samples

Accuracy = 0.7945, Recall = 0.7577268195413759 for 1th section of the data
Accuracy = 0.808, Recall = 0.7998027613412229 for 2th section of the data
Accuracy = 0.828, Recall = 0.7932405566600398 for 3th section of the data
Accuracy = 0.8175, Recall = 0.7847222222222222 for 4th section of the data
Accuracy = 0.809, Recall = 0.7917505030181087 for 5th section of the data
Accuracy = 0.8135, Recall = 0.7844914400805639 for 6th section of the data
Accuracy = 0.819, Recall = 0.7817817817817818 for 7th section of the data
Performance testing finished after 1000.7890567779541 seconds
-------------------------------------------------
Nqubits,Depth,mu,lambda,ngen,mutpb,cxpb,Time
6,6,30,15,30,0.3,0.7,Sat Mar 11 18:39:53 2023

Simulation finished after 39.148727893829346 seconds training on 1000 samples

Accuracy = 0.7725, Recall = 0.7452547452547452 for 1th section of the data
Accuracy = 0.771, Recall = 0.7619521912350598 for 2th section of the data
Accuracy = 0.7645, Recall = 0.757 for 3th section of the data
Accuracy = 0.7585, Recall = 0.7759131293188549 for 4th section of the data
Accuracy = 0.779, Recall = 0.7717502558853634 for 5th section of the data
Accuracy = 0.7655, Recall = 0.7715430861723447 for 6th section of the data
Accuracy = 0.754, Recall = 0.7629482071713147 for 7th section of the data
Performance testing finished after 35.28007960319519 seconds
-------------------------------------------------
Nqubits,Depth,mu,lambda,ngen,mutpb,cxpb,Time
6,6,30,15,100,0.3,0.7,Sat Mar 11 18:42:52 2023

Simulation finished after 113.42428994178772 seconds training on 1000 samples

Accuracy = 0.778, Recall = 0.7833500501504513 for 1th section of the data
Accuracy = 0.7975, Recall = 0.8064192577733199 for 2th section of the data
Accuracy = 0.7765, Recall = 0.8063872255489022 for 3th section of the data
Accuracy = 0.808, Recall = 0.8201798201798202 for 4th section of the data
Accuracy = 0.791, Recall = 0.7877877877877878 for 5th section of the data
Accuracy = 0.7965, Recall = 0.7868525896414342 for 6th section of the data
Accuracy = 0.8125, Recall = 0.8168016194331984 for 7th section of the data
Performance testing finished after 34.536032915115356 seconds
-------------------------------------------------
Nqubits,Depth,mu,lambda,ngen,mutpb,cxpb,Time
6,6,100,30,500,0.3,0.7,Sat Mar 11 19:01:12 2023

Simulation finished after 996.2909834384918 seconds training on 1000 samples

Accuracy = 0.7555, Recall = 0.7306163021868787 for 1th section of the data
Accuracy = 0.762, Recall = 0.7380710659898477 for 2th section of the data
Accuracy = 0.772, Recall = 0.7579365079365079 for 3th section of the data
Accuracy = 0.757, Recall = 0.7362086258776329 for 4th section of the data
Accuracy = 0.7705, Recall = 0.76266137040715 for 5th section of the data
Accuracy = 0.7785, Recall = 0.7562688064192578 for 6th section of the data
Accuracy = 0.744, Recall = 0.7212787212787213 for 7th section of the data
Performance testing finished after 36.05972337722778 seconds
-------------------------------------------------
Nqubits,Depth,mu,lambda,ngen,mutpb,cxpb,Time
6,6,100,30,500,0.3,0.7,Sat Mar 11 19:47:47 2023

Simulation finished after 1136.11190199852 seconds training on 1000 samples

Accuracy = 0.7985, Recall = 0.7742257742257742 for 1th section of the data
Accuracy = 0.806, Recall = 0.7787698412698413 for 2th section of the data
Accuracy = 0.808, Recall = 0.7933801404212638 for 3th section of the data
Accuracy = 0.8055, Recall = 0.7819095477386935 for 4th section of the data
Accuracy = 0.8005, Recall = 0.7916251246261217 for 5th section of the data
Accuracy = 0.7895, Recall = 0.7594810379241517 for 6th section of the data
Accuracy = 0.811, Recall = 0.7939698492462312 for 7th section of the data
Performance testing finished after 36.90706276893616 seconds
-------------------------------------------------

Nqubits,Depth,mu,lambda,ngen,mutpb,cxpb,Time
6,6,100,30,10,0.3,0.7,Sat Mar 11 19:52:04 2023

Simulation finished after 33.838841915130615 seconds training on 1000 samples

Accuracy = 0.782, Recall = 0.7730496453900709 for 1th section of the data
Accuracy = 0.797, Recall = 0.803960396039604 for 2th section of the data
Accuracy = 0.788, Recall = 0.8109452736318408 for 3th section of the data
Accuracy = 0.792, Recall = 0.7741273100616016 for 4th section of the data
Accuracy = 0.7835, Recall = 0.7778904665314401 for 5th section of the data
Accuracy = 0.7795, Recall = 0.785 for 6th section of the data
Accuracy = 0.802, Recall = 0.8118908382066277 for 7th section of the data
Performance testing finished after 37.27306938171387 seconds
-------------------------------------------------

Nqubits,Depth,mu,lambda,ngen,mutpb,cxpb,Time
6,7,200,25,10,0.3,0.7,Sat Mar 11 19:54:35 2023

Simulation finished after 42.335965633392334 seconds training on 1000 samples

Accuracy = 0.7385, Recall = 0.7815292949354519 for 1th section of the data
Accuracy = 0.738, Recall = 0.7871485943775101 for 2th section of the data
Accuracy = 0.766, Recall = 0.7663366336633664 for 3th section of the data
Accuracy = 0.731, Recall = 0.738430583501006 for 4th section of the data
Accuracy = 0.7495, Recall = 0.7616683217477657 for 5th section of the data
Accuracy = 0.7435, Recall = 0.7837301587301587 for 6th section of the data
Accuracy = 0.739, Recall = 0.7505070993914807 for 7th section of the data
Performance testing finished after 37.64004731178284 seconds
-------------------------------------------------

Nqubits,Depth,mu,lambda,ngen,mutpb,cxpb,Time
6,7,100,25,10,0.3,0.7,Sat Mar 11 20:00:56 2023

Simulation finished after 114.00999021530151 seconds training on 2000 samples

Nqubits,Depth,mu,lambda,ngen,mutpb,cxpb,Time
6,7,100,25,10,0.3,0.7,Sat Mar 11 20:03:58 2023

Simulation finished after 111.3860239982605 seconds training on 2000 samples

Accuracy = 0.7495, Recall = 0.671356783919598 for 1th section of the data
Accuracy = 0.749, Recall = 0.656686626746507 for 2th section of the data
Accuracy = 0.7355, Recall = 0.6339737108190091 for 3th section of the data
Accuracy = 0.7495, Recall = 0.662 for 4th section of the data
Accuracy = 0.7535, Recall = 0.6793587174348698 for 5th section of the data
Accuracy = 0.742, Recall = 0.6411530815109344 for 6th section of the data
Accuracy = 0.7365, Recall = 0.6666666666666666 for 7th section of the data
Performance testing finished after 39.12296795845032 seconds
-------------------------------------------------

Nqubits,Depth,mu,lambda,ngen,mutpb,cxpb,Time
6,8,100,25,20,0.3,0.7,Sat Mar 11 20:14:18 2023

Simulation finished after 207.00171732902527 seconds training on 2000 samples

Accuracy = 0.82, Recall = 0.7897838899803536 for 1th section of the data
Accuracy = 0.8125, Recall = 0.7712287712287712 for 2th section of the data
Accuracy = 0.808, Recall = 0.7719123505976095 for 3th section of the data
Accuracy = 0.818, Recall = 0.7821782178217822 for 4th section of the data
Accuracy = 0.807, Recall = 0.7619047619047619 for 5th section of the data
Accuracy = 0.8175, Recall = 0.7836198179979778 for 6th section of the data
Accuracy = 0.7895, Recall = 0.7304609218436874 for 7th section of the data
Performance testing finished after 37.932437896728516 seconds
-------------------------------------------------

Nqubits,Depth,mu,lambda,ngen,mutpb,cxpb,Time
6,9,100,25,20,0.3,0.7,Sat Mar 11 20:19:44 2023

Simulation finished after 198.1924443244934 seconds training on 2000 samples

Accuracy = 0.78, Recall = 0.7422885572139304 for 1th section of the data
Accuracy = 0.8045, Recall = 0.7573306370070778 for 2th section of the data
Accuracy = 0.7905, Recall = 0.7434607645875252 for 3th section of the data
Accuracy = 0.7765, Recall = 0.737108190091001 for 4th section of the data
Accuracy = 0.786, Recall = 0.7610887096774194 for 5th section of the data
Accuracy = 0.7845, Recall = 0.7658730158730159 for 6th section of the data
Accuracy = 0.7925, Recall = 0.7654075546719682 for 7th section of the data
Performance testing finished after 37.45548152923584 seconds
-------------------------------------------------

Nqubits,Depth,mu,lambda,ngen,mutpb,cxpb,Time
6,9,100,25,40,0.3,0.7,Sat Mar 11 20:28:12 2023

Simulation finished after 362.45266556739807 seconds training on 2000 samples

Accuracy = 0.8255, Recall = 0.846307385229541 for 1th section of the data
Accuracy = 0.808, Recall = 0.8258706467661692 for 2th section of the data
Accuracy = 0.8245, Recall = 0.842685370741483 for 3th section of the data
Accuracy = 0.8255, Recall = 0.831207065750736 for 4th section of the data
Accuracy = 0.8085, Recall = 0.8241106719367589 for 5th section of the data
Accuracy = 0.822, Recall = 0.8343253968253969 for 6th section of the data
Accuracy = 0.825, Recall = 0.8319755600814664 for 7th section of the data
Performance testing finished after 37.5115852355957 seconds
-------------------------------------------------

Nqubits,Depth,mu,lambda,ngen,mutpb,cxpb,Time
6,9,100,25,50,0.3,0.7,Sat Mar 11 20:39:24 2023

Simulation finished after 448.6182007789612 seconds training on 2000 samples

Accuracy = 0.7955, Recall = 0.7956564659427443 for 1th section of the data
Accuracy = 0.788, Recall = 0.7795431976166832 for 2th section of the data
Accuracy = 0.776, Recall = 0.7724974721941354 for 3th section of the data
Accuracy = 0.783, Recall = 0.757606490872211 for 4th section of the data
Accuracy = 0.7925, Recall = 0.7637637637637638 for 5th section of the data
Accuracy = 0.7835, Recall = 0.7655935613682092 for 6th section of the data
Accuracy = 0.7875, Recall = 0.790720631786772 for 7th section of the data
Performance testing finished after 36.76751184463501 seconds
-------------------------------------------------

Nqubits,Depth,mu,lambda,ngen,mutpb,cxpb,Time
6,9,100,25,50,0.3,0.7,Sat Mar 11 20:48:26 2023

Simulation finished after 440.2036955356598 seconds training on 2000 samples

Accuracy = 0.804, Recall = 0.7962037962037962 for 1th section of the data
Accuracy = 0.8085, Recall = 0.7921291624621595 for 2th section of the data
Accuracy = 0.784, Recall = 0.7888446215139442 for 3th section of the data
Accuracy = 0.796, Recall = 0.7753036437246964 for 4th section of the data
Accuracy = 0.787, Recall = 0.767 for 5th section of the data
Accuracy = 0.807, Recall = 0.7942057942057942 for 6th section of the data
Accuracy = 0.7965, Recall = 0.7944936086529006 for 7th section of the data
Performance testing finished after 37.93035268783569 seconds
-------------------------------------------------

-------------------------------------------------
Nqubits,Depth,mu,lambda,ngen,mutpb,cxpb,Time
6,9,100,25,50,0.3,0.7,Sat Mar 11 21:04:37 2023

Simulation finished after 847.506413936615 seconds training on 3000 samples

Accuracy = 0.7935, Recall = 0.7913306451612904 for 1th section of the data
Accuracy = 0.79, Recall = 0.7843137254901961 for 2th section of the data
Accuracy = 0.7725, Recall = 0.787 for 3th section of the data
Accuracy = 0.788, Recall = 0.7787878787878788 for 4th section of the data
Accuracy = 0.7675, Recall = 0.7663645518630413 for 5th section of the data
Accuracy = 0.788, Recall = 0.7964071856287425 for 6th section of the data
Accuracy = 0.7785, Recall = 0.7752247752247752 for 7th section of the data
Performance testing finished after 40.66349005699158 seconds
-------------------------------------------------

-------------------------------------------------
Nqubits,Depth,mu,lambda,ngen,mutpb,cxpb,Time
6,10,100,25,50,0.3,0.7,Sat Mar 11 21:21:27 2023

Simulation finished after 503.8195424079895 seconds training on 2000 samples

Accuracy = 0.81, Recall = 0.7900990099009901 for 1th section of the data
Accuracy = 0.811, Recall = 0.7709384460141272 for 2th section of the data
Accuracy = 0.801, Recall = 0.7554455445544555 for 3th section of the data
Accuracy = 0.785, Recall = 0.7354124748490946 for 4th section of the data
Accuracy = 0.784, Recall = 0.7450396825396826 for 5th section of the data
Accuracy = 0.789, Recall = 0.7487335359675785 for 6th section of the data
Accuracy = 0.781, Recall = 0.7484909456740443 for 7th section of the data
Performance testing finished after 43.65296387672424 seconds
-------------------------------------------------

-------------------------------------------------
Nqubits,Depth,mu,lambda,ngen,mutpb,cxpb,Time
6,7,100,25,100,0.3,0.7,Sat Mar 11 21:51:46 2023

Simulation finished after 838.0951449871063 seconds training on 2000 samples

Accuracy = 0.8125, Recall = 0.7847847847847848 for 1th section of the data
Accuracy = 0.809, Recall = 0.7898406374501992 for 2th section of the data
Accuracy = 0.831, Recall = 0.8267326732673267 for 3th section of the data
Accuracy = 0.826, Recall = 0.7923387096774194 for 4th section of the data
Accuracy = 0.807, Recall = 0.781437125748503 for 5th section of the data
Accuracy = 0.8125, Recall = 0.786074672048436 for 6th section of the data
Accuracy = 0.808, Recall = 0.786 for 7th section of the data
Performance testing finished after 43.29796266555786 seconds
-------------------------------------------------

-------------------------------------------------
Nqubits,Depth,mu,lambda,ngen,mutpb,cxpb,Time
5,7,100,30,100,0.3,0.7,Sat Mar 11 22:40:31 2023

Simulation finished after 465.2831301689148 seconds training on 2000 samples

Accuracy = 0.7965, Recall = 0.8035714285714286 for 1th section of the data
Accuracy = 0.8055, Recall = 0.7934458788480635 for 2th section of the data
Accuracy = 0.807, Recall = 0.8046324269889225 for 3th section of the data
Accuracy = 0.7905, Recall = 0.7598784194528876 for 4th section of the data
Accuracy = 0.805, Recall = 0.7990147783251231 for 5th section of the data
Accuracy = 0.8025, Recall = 0.8 for 6th section of the data
Accuracy = 0.7915, Recall = 0.7716849451645065 for 7th section of the data
Performance testing finished after 23.49198055267334 seconds
-------------------------------------------------

-------------------------------------------------
Nqubits,Depth,mu,lambda,ngen,mutpb,cxpb,Time
7,7,100,30,100,0.3,0.7,Sat Mar 11 23:17:31 2023

Simulation finished after 1942.0993711948395 seconds training on 2000 samples

Accuracy = 0.8095, Recall = 0.8216432865731463 for 1th section of the data
Accuracy = 0.8295, Recall = 0.8234714003944773 for 2th section of the data
Accuracy = 0.8075, Recall = 0.8292201382033564 for 3th section of the data
Accuracy = 0.8195, Recall = 0.8125623130608175 for 4th section of the data
Accuracy = 0.811, Recall = 0.8044132397191575 for 5th section of the data
Accuracy = 0.803, Recall = 0.7993890020366599 for 6th section of the data
Accuracy = 0.804, Recall = 0.8064516129032258 for 7th section of the data
Performance testing finished after 104.34191298484802 seconds
-------------------------------------------------

-------------------------------------------------
Nqubits,Depth,mu,lambda,ngen,mutpb,cxpb,Time
7,7,70,30,30,0.3,0.7,Sat Mar 11 23:29:45 2023

Simulation finished after 219.4839997291565 seconds training on 1000 samples

Accuracy = 0.7985, Recall = 0.7670961347869177 for 1th section of the data
Accuracy = 0.809, Recall = 0.768 for 2th section of the data
Accuracy = 0.812, Recall = 0.775530839231547 for 3th section of the data
Accuracy = 0.838, Recall = 0.8085742771684945 for 4th section of the data
Accuracy = 0.824, Recall = 0.807 for 5th section of the data
Accuracy = 0.821, Recall = 0.7922077922077922 for 6th section of the data
Accuracy = 0.8015, Recall = 0.7552657973921765 for 7th section of the data
Performance testing finished after 98.96491765975952 seconds
-------------------------------------------------

-------------------------------------------------
Nqubits,Depth,mu,lambda,ngen,mutpb,cxpb,Time
7,7,70,30,20,0.3,0.7,Sat Mar 11 23:38:18 2023

Simulation finished after 154.25107073783875 seconds training on 1000 samples

Accuracy = 0.806, Recall = 0.7311178247734139 for 1th section of the data
Accuracy = 0.8235, Recall = 0.748753738783649 for 2th section of the data
Accuracy = 0.7985, Recall = 0.7154308617234469 for 3th section of the data
Accuracy = 0.8095, Recall = 0.7482517482517482 for 4th section of the data
Accuracy = 0.816, Recall = 0.7198404785643071 for 5th section of the data
Accuracy = 0.818, Recall = 0.771 for 6th section of the data
Accuracy = 0.8255, Recall = 0.7720883534136547 for 7th section of the data
Performance testing finished after 120.53589844703674 seconds
-------------------------------------------------

-------------------------------------------------
Nqubits,Depth,mu,lambda,ngen,mutpb,cxpb,Time
7,7,70,30,20,0.3,0.7,Sat Mar 11 23:43:48 2023

Simulation finished after 161.5644121170044 seconds training on 1000 samples
String - > 01000000010010010111011111001111101110111010000100110101001001011100001100010101011101100001101010000011110101001001010011111101001111101000010101110111001010001111111011101000101000111111011010110101110111111111110100010101111000010010010101111

Accuracy = 0.808, Recall = 0.7818361303060217 for 1th section of the data
Accuracy = 0.817, Recall = 0.7929292929292929 for 2th section of the data
Accuracy = 0.7975, Recall = 0.7892107892107892 for 3th section of the data
Accuracy = 0.8175, Recall = 0.8028028028028028 for 4th section of the data
Accuracy = 0.828, Recall = 0.811377245508982 for 5th section of the data
Accuracy = 0.817, Recall = 0.7984111221449851 for 6th section of the data
Accuracy = 0.811, Recall = 0.7803410230692076 for 7th section of the data
Performance testing finished after 105.86791229248047 seconds
-------------------------------------------------

-------------------------------------------------
Nqubits,Depth,mu,lambda,ngen,mutpb,cxpb,Time
7,7,70,30,20,0.3,0.7,Sun Mar 12 00:08:37 2023

Simulation finished after 296.72175192832947 seconds training on 1500 samples
String - > 10101011101001011000101010101101011010001001010000100111111101111011111010000000100101111101111100001100100101010010000111100001110111100001111101000110000001110010101010000111100110101110001010111110100100110011010000011111101000011010100000111

Accuracy = 0.8245, Recall = 0.8177240684793555 for 1th section of the data
Accuracy = 0.789, Recall = 0.8091451292246521 for 2th section of the data
Accuracy = 0.8025, Recall = 0.7990196078431373 for 3th section of the data
Accuracy = 0.806, Recall = 0.8059701492537313 for 4th section of the data
Accuracy = 0.7885, Recall = 0.8076535750251762 for 5th section of the data
Accuracy = 0.789, Recall = 0.806483300589391 for 6th section of the data
Accuracy = 0.778, Recall = 0.7676560900716479 for 7th section of the data
Performance testing finished after 116.1269018650055 seconds
-------------------------------------------------

-------------------------------------------------
Nqubits,Depth,mu,lambda,ngen,mutpb,cxpb,Time
7,5,70,30,20,0.3,0.7,Sun Mar 12 12:17:01 2023

Simulation finished after 125.8071219921112 seconds training on 1000 samples
String - > 0101110011000101001110100001111100100100011101101111110101001111010101010001111111101110010101001101100110000001110011111011011101110011100101010110101101011100010000001110010

Accuracy = 0.82, Recall = 0.8353174603174603 for 1th section of the data
Accuracy = 0.816, Recall = 0.8273809523809523 for 2th section of the data
Accuracy = 0.82, Recall = 0.817 for 3th section of the data
Accuracy = 0.8245, Recall = 0.8293172690763052 for 4th section of the data
Accuracy = 0.8045, Recall = 0.8097609561752988 for 5th section of the data
Accuracy = 0.818, Recall = 0.8238238238238238 for 6th section of the data
Accuracy = 0.8105, Recall = 0.8286290322580645 for 7th section of the data
Performance testing finished after 78.48787498474121 seconds
-------------------------------------------------

-------------------------------------------------
Nqubits,Depth,mu,lambda,ngen,mutpb,cxpb,Time
7,5,70,30,20,0.3,0.7,Sun Mar 12 14:11:39 2023

Simulation finished after 122.77702641487122 seconds training on 1000 samples
String - > 0000110110011110010011100111110100011000110001110110110110011101110101011001001101101010100011110111101100111111111111010100001110111001010101011001110110110101100011101110001

Accuracy = 0.758, Recall = 0.7254509018036072 for 1th section of the data
Accuracy = 0.754, Recall = 0.7141434262948207 for 2th section of the data
Accuracy = 0.7575, Recall = 0.7215064420218038 for 3th section of the data
Accuracy = 0.76, Recall = 0.7334669338677354 for 4th section of the data
Accuracy = 0.7605, Recall = 0.7251984126984127 for 5th section of the data
Accuracy = 0.745, Recall = 0.7001003009027081 for 6th section of the data
Accuracy = 0.748, Recall = 0.7058222676200204 for 7th section of the data
Performance testing finished after 81.04151058197021 seconds
-------------------------------------------------

-------------------------------------------------
Nqubits,Depth,mu,lambda,ngen,mutpb,cxpb,Time
7,5,70,30,20,0.3,0.7,Sun Mar 12 14:15:31 2023

Simulation finished after 119.96292924880981 seconds training on 1000 samples
String - > 1001101101110101110110011100110100010101111111110110001110111001110111010111100101011010111010101111010110101011001110001001101001110001110100111010100100101000100101101001111

Accuracy = 0.814, Recall = 0.8253012048192772 for 1th section of the data
Accuracy = 0.81, Recall = 0.812992125984252 for 2th section of the data
Accuracy = 0.8275, Recall = 0.7884615384615384 for 3th section of the data
Accuracy = 0.8125, Recall = 0.8098098098098098 for 4th section of the data
Accuracy = 0.814, Recall = 0.7970149253731343 for 5th section of the data
Accuracy = 0.8045, Recall = 0.8011988011988012 for 6th section of the data
Accuracy = 0.817, Recall = 0.816 for 7th section of the data
Performance testing finished after 77.95683884620667 seconds
-------------------------------------------------

-------------------------------------------------
Nqubits,Depth,mu,lambda,ngen,mutpb,cxpb,Time
7,5,70,30,20,1,0,Mon Mar 13 12:30:53 2023

Simulation finished after 128.9058837890625 seconds training on 1000 samples
String - > 0101101110111010101000000010010000100110110100111011011110000111100100100100100011010011111100001110001100110101011101011011001111101011001010111011110100100111010111100101101

Accuracy = 0.7925, Recall = 0.781563126252505 for 1th section of the data
Accuracy = 0.7925, Recall = 0.805168986083499 for 2th section of the data
Accuracy = 0.7865, Recall = 0.7807807807807807 for 3th section of the data
Accuracy = 0.8065, Recall = 0.8060301507537688 for 4th section of the data
Accuracy = 0.797, Recall = 0.8058350100603622 for 5th section of the data
Accuracy = 0.8105, Recall = 0.8263414634146341 for 6th section of the data
Accuracy = 0.812, Recall = 0.8210313447927199 for 7th section of the data
Performance testing finished after 82.89005064964294 seconds
-------------------------------------------------

-------------------------------------------------
Nqubits,Depth,mu,lambda,ngen,mutpb,cxpb,Time
7,5,70,30,20,0.9,0.1,Mon Mar 13 12:35:01 2023

Simulation finished after 129.40266013145447 seconds training on 1000 samples
String - > 1111010111111001011011111110100111100111101010101111001110110011111000111010110110101111011100010100000101111111000100111100100100010001100011110111100000010001011000001110010

-------------------------------------------------
Nqubits,Depth,mu,lambda,ngen,mutpb,cxpb,Time
7,5,70,30,20,0.9,0.1,Mon Mar 13 12:42:16 2023

Simulation finished after 127.38462424278259 seconds training on 1000 samples
String - > 1101000101001111010110111000110111000100111011111010010111110100010111010011101100001110000000001010011110110101111100010110101101111010101111001001000110010110001101111010010

-------------------------------------------------
Nqubits,Depth,mu,lambda,ngen,mutpb,cxpb,Time
7,5,70,30,20,0.9,0.1,Mon Mar 13 12:44:59 2023

Simulation finished after 132.9326741695404 seconds training on 1000 samples
String - > 0111110110111011000101110111100000010011011010100100000101011010010101001100001111111001111101100011000011010100010001100101001001010010000011110111111011101111110101010110010

Accuracy = 0.805, Recall = 0.8066465256797583 for 1th section of the data
Accuracy = 0.796, Recall = 0.7846460618145563 for 2th section of the data
Accuracy = 0.806, Recall = 0.7916251246261217 for 3th section of the data
Accuracy = 0.797, Recall = 0.7858546168958742 for 4th section of the data
Accuracy = 0.796, Recall = 0.807070707070707 for 5th section of the data
Accuracy = 0.789, Recall = 0.777 for 6th section of the data
Accuracy = 0.7925, Recall = 0.782520325203252 for 7th section of the data
Performance testing finished after 91.89392304420471 seconds
-------------------------------------------------

-------------------------------------------------
Nqubits,Depth,mu,lambda,ngen,mutpb,cxpb,Time
7,8,70,30,30,0.8,0.2,Mon Mar 13 16:45:23 2023

Simulation finished after 240.74520707130432 seconds training on 1000 samples
String - > 1011000101111111110101000010110001101001000000111100011111110110010101001001001100011001101110111111110111011111101110100000011011000001011101010111010010000101010101011000001101001010000111011111010011001111000110111011100011111101111100110100101011001011010000000101001100111011

Accuracy = 0.8035, Recall = 0.7884231536926147 for 1th section of the data
Accuracy = 0.804, Recall = 0.7870646766169154 for 2th section of the data
Accuracy = 0.816, Recall = 0.8003992015968064 for 3th section of the data
Accuracy = 0.788, Recall = 0.7558022199798183 for 4th section of the data
Accuracy = 0.7895, Recall = 0.7699293642785066 for 5th section of the data
Accuracy = 0.8055, Recall = 0.7854984894259819 for 6th section of the data
Accuracy = 0.8215, Recall = 0.8037475345167653 for 7th section of the data
Performance testing finished after 99.18585157394409 seconds
-------------------------------------------------

-------------------------------------------------
Nqubits,Depth,mu,lambda,ngen,mutpb,cxpb,Time
8,8,100,30,30,0.8,0.2,Mon Mar 13 17:05:38 2023

Simulation finished after 535.5480351448059 seconds training on 1000 samples
String - > 10100011001011110110010100110011111110100111111111110110001011010110001001110110101110101011010110110100000001101101101110100110100000011010000110001111101010010111101111110001110101111010001011000101111010110100011111110000001100101011001100101110111010011011001011011001011011001001100101100011110111111110101111100011

Accuracy = 0.779, Recall = 0.7320197044334975 for 1th section of the data
Accuracy = 0.8, Recall = 0.7698412698412699 for 2th section of the data
Accuracy = 0.7935, Recall = 0.7399193548387096 for 3th section of the data
Accuracy = 0.7825, Recall = 0.7262626262626263 for 4th section of the data
Accuracy = 0.8015, Recall = 0.7487487487487487 for 5th section of the data
Accuracy = 0.798, Recall = 0.75 for 6th section of the data
Accuracy = 0.795, Recall = 0.7540650406504065 for 7th section of the data
Performance testing finished after 249.30426931381226 seconds
-------------------------------------------------

-------------------------------------------------
Nqubits,Depth,mu,lambda,ngen,mutpb,cxpb,Time
6,6,100,30,30,0.8,0.2,Tue Mar 14 08:22:45 2023

Simulation finished after 92.19934797286987 seconds training on 1000 samples
String - > 110100000000101011111100100101101110101111000011010101001101001000110110101100010000101101111011010101010001010100001111100011100010111000110000000011011111111111101101101110001110

-------------------------------------------------
Nqubits,Depth,mu,lambda,ngen,mutpb,cxpb,Time
6,6,100,30,30,0.8,0.2,Tue Mar 14 08:24:55 2023

Simulation finished after 87.20795273780823 seconds training on 1000 samples
String - > 100000001010001100010000110110011111101001000110100110010011111011111101110001100101011000010111010110110101010010100110111110011011000001001001010111010011010101010001110001011101

-------------------------------------------------
Nqubits,Depth,mu,lambda,ngen,mutpb,cxpb,Time
6,6,100,30,30,0.8,0.2,Tue Mar 14 09:12:23 2023

Simulation finished after 95.15791010856628 seconds training on 1000 samples
String - > 011110100010111010011101011101101001111000001000000000000100010011100010100111101111111111111101111010110110101101010010111110111100100111100101101011000110100100000101101101100011

-------------------------------------------------
Nqubits,Depth,mu,lambda,ngen,mutpb,cxpb,Time
6,6,100,30,30,0.8,0.2,Tue Mar 14 09:15:35 2023

Simulation finished after 87.2977249622345 seconds training on 1000 samples
String - > 000101011000000101100101010111110101100100001011100101111010111100100101011100111010011111110010100000110100111101001111001000110111110100110111001011000001111110110111011101111101

-------------------------------------------------
Nqubits,Depth,mu,lambda,ngen,mutpb,cxpb,Time
6,6,100,30,3,0.8,0.2,Tue Mar 14 09:23:28 2023

Simulation finished after 18.02441167831421 seconds training on 1000 samples
String - > 010101010000111110101111001001001100111011011011010111000110010011100011110000011111111010010001111010001100101001011110000101011000010110101101011100010101101000010011110111010001

-------------------------------------------------
Nqubits,Depth,mu,lambda,ngen,mutpb,cxpb,Time
6,6,10,3,3,0.8,0.2,Tue Mar 14 09:23:43 2023

Simulation finished after 1.913463830947876 seconds training on 1000 samples
String - > 101111011101110111111110111111101111100101010101000000100010011110101011101000011101010001001000010010101111001011100010110110001011110111101101100111010011110101101110000111101111

Accuracy = 0.766, Recall = 0.7429435483870968 for 1th section of the data
Accuracy = 0.7905, Recall = 0.7599601593625498 for 2th section of the data
Accuracy = 0.778, Recall = 0.7396039603960396 for 3th section of the data
Accuracy = 0.7715, Recall = 0.7594810379241517 for 4th section of the data
Accuracy = 0.763, Recall = 0.7364185110663984 for 5th section of the data
Accuracy = 0.7805, Recall = 0.7544910179640718 for 6th section of the data
Accuracy = 0.755, Recall = 0.7367367367367368 for 7th section of the data
Performance testing finished after 38.09689164161682 seconds
-------------------------------------------------

-------------------------------------------------
Nqubits,Depth,mu,lambda,ngen,mutpb,cxpb,Time
6,6,50,15,10,0.7,0.3,Wed Mar 22 15:01:39 2023

Simulation finished after 18.76015853881836 seconds training on 1000 samples
String - > 110101101110010110010111011110111011010111011001110011001001110111001011000010000100111001011101010101101011011001001010000011111111110101001001000010100111111110100000011100101101

Accuracy = 0.7665, Recall = 0.7635814889336016 for 1th section of the data
Accuracy = 0.754, Recall = 0.7619521912350598 for 2th section of the data
Accuracy = 0.778, Recall = 0.7564356435643564 for 3th section of the data
Accuracy = 0.754, Recall = 0.7569169960474308 for 4th section of the data
Accuracy = 0.7705, Recall = 0.7728194726166329 for 5th section of the data
Accuracy = 0.772, Recall = 0.7419354838709677 for 6th section of the data
Accuracy = 0.7625, Recall = 0.7641129032258065 for 7th section of the data
Performance testing finished after 38.65072321891785 seconds
-------------------------------------------------

-------------------------------------------------
Nqubits,Depth,mu,lambda,ngen,mutpb,cxpb,Time
6,10,50,15,50,0.7,0.3,Wed Mar 22 15:04:16 2023

Simulation finished after 87.49117517471313 seconds training on 1000 samples
String - > 100111011011010101100001111001110000111100101111001111010001100111111011010010101010001100010110101110110101000011010001101100000000101001011111111011110100101100000010001110110110010001000101111001011011001000110001010101101110110000000000111001100011110111000010000010111011110111011110010100001101

Accuracy = 0.7425, Recall = 0.6968781470292045 for 1th section of the data
Accuracy = 0.7475, Recall = 0.7311507936507936 for 2th section of the data
Accuracy = 0.7335, Recall = 0.6941649899396378 for 3th section of the data
Accuracy = 0.732, Recall = 0.7051282051282052 for 4th section of the data
Accuracy = 0.7255, Recall = 0.6878727634194831 for 5th section of the data
Accuracy = 0.7455, Recall = 0.7002012072434608 for 6th section of the data
Accuracy = 0.7645, Recall = 0.7362086258776329 for 7th section of the data
Performance testing finished after 40.05944061279297 seconds
-------------------------------------------------

-------------------------------------------------
Nqubits,Depth,mu,lambda,ngen,mutpb,cxpb,Time
6,10,50,25,50,0.3,0.7,Wed Mar 22 15:43:20 2023

Simulation finished after 127.12169408798218 seconds training on 1000 samples
String - > 101010001111000111100101100001110011000110100101001111001001111100000001011010110001000110100000000010101111101011011000011101110111110001000100000011101011011011111010010000000000101011111010101101001011011101101101100001010001011010001010110101100110011110111101111011010111101110111110101011110001

Accuracy = 0.8035, Recall = 0.7912087912087912 for 1th section of the data
Accuracy = 0.8055, Recall = 0.8170128585558852 for 2th section of the data
Accuracy = 0.8205, Recall = 0.8198019801980198 for 3th section of the data
Accuracy = 0.782, Recall = 0.7864271457085829 for 4th section of the data
Accuracy = 0.8045, Recall = 0.7768762677484787 for 5th section of the data
Accuracy = 0.807, Recall = 0.7878172588832487 for 6th section of the data
Accuracy = 0.795, Recall = 0.8193484698914116 for 7th section of the data
Performance testing finished after 36.6600546836853 seconds
-------------------------------------------------

-------------------------------------------------
Nqubits,Depth,mu,lambda,ngen,mutpb,cxpb,Time
4,10,50,25,50,0.3,0.7,Wed Mar 22 17:52:26 2023

Simulation finished after 44.44598174095154 seconds training on 1000 samples
String - > 10110010000001010101111111101000000111011010001001101111101111110100101001010011110111110110010011101010010101010000100100010101100101010111010010111011010101101000111010011011101000111110100101011001

Accuracy = 0.7975, Recall = 0.7995991983967936 for 1th section of the data
Accuracy = 0.8085, Recall = 0.8056112224448898 for 2th section of the data
Accuracy = 0.8005, Recall = 0.7891566265060241 for 3th section of the data
Accuracy = 0.8005, Recall = 0.7994011976047904 for 4th section of the data
Accuracy = 0.796, Recall = 0.7776659959758552 for 5th section of the data
Accuracy = 0.7805, Recall = 0.7725918570009931 for 6th section of the data
Accuracy = 0.7845, Recall = 0.79 for 7th section of the data
Performance testing finished after 13.12297773361206 seconds
-------------------------------------------------

-------------------------------------------------
Nqubits,Depth,mu,lambda,ngen,mutpb,cxpb,Time
8,8,50,25,50,0.3,0.7,Wed Mar 22 18:33:08 2023

Simulation finished after 643.9689123630524 seconds training on 1000 samples
String - > 10111010101001111001011100001111010110110100010100110010001110101100111100001101010100100011011101111010001101010101101001000100101011000010011010100110101111110100000011110110110110100110110101101000101110100110101101000001001000010001000101111101010011110111101111001001111010001101110010010110010001000100100100111011

Accuracy = 0.796, Recall = 0.7632898696088265 for 1th section of the data
Accuracy = 0.7835, Recall = 0.7659783677482792 for 2th section of the data
Accuracy = 0.7855, Recall = 0.7547547547547547 for 3th section of the data
Accuracy = 0.77, Recall = 0.7323232323232324 for 4th section of the data
Accuracy = 0.7955, Recall = 0.7527749747729566 for 5th section of the data
Accuracy = 0.786, Recall = 0.7565130260521042 for 6th section of the data
Accuracy = 0.785, Recall = 0.7767944936086529 for 7th section of the data
Performance testing finished after 243.26963591575623 seconds
-------------------------------------------------

Accuracy = 0.8035, Recall = 0.7740963855421686 for 1th section of the data
Accuracy = 0.781, Recall = 0.7529644268774703 for 2th section of the data
Accuracy = 0.81, Recall = 0.7935871743486974 for 3th section of the data
Accuracy = 0.807, Recall = 0.796844181459566 for 4th section of the data
Accuracy = 0.814, Recall = 0.8046795523906409 for 5th section of the data
Accuracy = 0.8035, Recall = 0.7915831663326653 for 6th section of the data
Accuracy = 0.814, Recall = 0.7950495049504951 for 7th section of the data
Accuracy = 0.72, Recall = 0.6876876876876877 for 1th section of the data
Accuracy = 0.709, Recall = 0.6843156843156843 for 2th section of the data
-------------------------------------------------
Nqubits,Depth,mu,lambda,ngen,mutpb,cxpb,Time
8,8,50,25,50,0.3,0.7,Wed Mar 22 19:50:44 2023

Simulation finished after 687.6289718151093 seconds training on 1000 samples
String - > 11000000101101010000010001101001110011010101100000001111111111001001001110111111110110010101010110000110110010011100111111110010111110000111001100011111010001010110000110101111101001111101001100011001101111101111100011111101101010100010100111001101000011011010010101110001000101111110111111110001011110100101100101111000

Accuracy = 0.7975, Recall = 0.7721774193548387 for 1th section of the data
Accuracy = 0.8065, Recall = 0.7860696517412935 for 2th section of the data
Accuracy = 0.801, Recall = 0.791459781529295 for 3th section of the data
Accuracy = 0.82, Recall = 0.8048289738430584 for 4th section of the data
Accuracy = 0.8045, Recall = 0.8037475345167653 for 5th section of the data
Accuracy = 0.826, Recall = 0.8031968031968032 for 6th section of the data
Accuracy = 0.8135, Recall = 0.7917505030181087 for 7th section of the data
Performance testing finished after 250.10115313529968 seconds
-------------------------------------------------

-------------------------------------------------
Nqubits,Depth,mu,lambda,ngen,mutpb,cxpb,Time
8,8,50,25,50,0.3,0.7,Wed Mar 22 20:06:10 2023

Simulation finished after 676.3100004196167 seconds training on 1000 samples
String - > 11000000100011101000010100001100110010001100011011010000111100010001110000011010111101111100110010000011100101010111101111011110110000011000111110101000110001100100001110101111001010011011001011011110001011010100110010111111100110011010001000100001010100010001000010001011100101101101010010010110111011001011110000010110

Accuracy = 0.815, Recall = 0.7717391304347826 for 1th section of the data
Accuracy = 0.8205, Recall = 0.7641129032258065 for 2th section of the data
Accuracy = 0.8135, Recall = 0.7502497502497503 for 3th section of the data
Accuracy = 0.8085, Recall = 0.7487487487487487 for 4th section of the data
Accuracy = 0.8145, Recall = 0.7628657921291625 for 5th section of the data
Accuracy = 0.7995, Recall = 0.7443237907206318 for 6th section of the data
Accuracy = 0.81, Recall = 0.7532467532467533 for 7th section of the data
Performance testing finished after 258.4283404350281 seconds
-------------------------------------------------

-------------------------------------------------
Nqubits,Depth,mu,lambda,ngen,mutpb,cxpb,Time
8,8,50,25,50,0.3,0.7,Wed Mar 22 22:32:52 2023

Simulation finished after 2116.5447473526 seconds training on 2000 samples
String - > 00110101001100011011000001010101101101011010101010010110100011000110011101011011101101011111010111101111111101000010001101010010001101101101110001010010011010011110101011010111101000111100101001100001011100011101000010000111001000001001110001000110111001001000110110100000001100111101111010110001111011110111110101001010

Accuracy = 0.824, Recall = 0.8184523809523809 for 1th section of the data
Accuracy = 0.8215, Recall = 0.8047808764940239 for 2th section of the data
Accuracy = 0.824, Recall = 0.8198198198198198 for 3th section of the data
Accuracy = 0.8045, Recall = 0.7806841046277666 for 4th section of the data
Accuracy = 0.8165, Recall = 0.818 for 5th section of the data
Accuracy = 0.8205, Recall = 0.8010152284263959 for 6th section of the data
Accuracy = 0.805, Recall = 0.7874251497005988 for 7th section of the data
Performance testing finished after 286.73018193244934 seconds
-------------------------------------------------

-------------------------------------------------
Nqubits,Depth,mu,lambda,ngen,mutpb,cxpb,Time
7,8,100,25,30,0.3,0.7,Fri Mar 24 13:25:27 2023

Simulation finished after 605.1738123893738 seconds training on 2000 samples
String - > 1011000000010110111110110010111001111011001101010011100101011001101110100011100100111110010101111001111110111010110001011011010110011100011011110111010001111010111100000011110011110000110101111110100010110110000101100110110011111101001111010100001110010110110011111111000101110101

Accuracy = 0.805, Recall = 0.7592407592407593 for 1th section of the data
Accuracy = 0.822, Recall = 0.7862137862137862 for 2th section of the data
Accuracy = 0.8185, Recall = 0.7848605577689243 for 3th section of the data
Accuracy = 0.8175, Recall = 0.7864838393731636 for 4th section of the data
Accuracy = 0.808, Recall = 0.7408163265306122 for 5th section of the data
Accuracy = 0.813, Recall = 0.7783300198807157 for 6th section of the data
Accuracy = 0.804, Recall = 0.7550200803212851 for 7th section of the data
Performance testing finished after 96.2289366722107 seconds
-------------------------------------------------

-------------------------------------------------
Nqubits,Depth,mu,lambda,ngen,mutpb,cxpb,Time
11,6,30,15,5,0.3,0.7,Fri Mar 24 13:47:36 2023

Simulation finished after 604.332968711853 seconds training on 1000 samples
String - > 101111001000111101110001111110001100111001000010000000111011000000111101000000101111100000101000000100000101110001100011100100100100111011010010000010110000000111010000000010111101111111110111011110110001000110001111001101011001011011101110100111110101011101010010010100101111111101111011010011000101101101010010011111101100011111

Accuracy = 0.8115, Recall = 0.753 for 1th section of the data
Accuracy = 0.824, Recall = 0.7849246231155779 for 2th section of the data
Accuracy = 0.81, Recall = 0.7597597597597597 for 3th section of the data
Accuracy = 0.8185, Recall = 0.7876643073811931 for 4th section of the data
Accuracy = 0.834, Recall = 0.7948463825569871 for 5th section of the data
Accuracy = 0.816, Recall = 0.7894211576846307 for 6th section of the data
Accuracy = 0.816, Recall = 0.8116947472745293 for 7th section of the data
Performance testing finished after 2159.5870282649994 seconds
-------------------------------------------------

-------------------------------------------------
Nqubits,Depth,mu,lambda,ngen,mutpb,cxpb,Time
9,6,30,15,10,0.3,0.7,Fri Mar 24 14:28:28 2023

Simulation finished after 191.7947120666504 seconds training on 1000 samples
String - > 111110100111101101001101111010101001011100011000110000100010010101101101001000110110110101011110000101000010001010000100100101011111011110001111001010100110110001100000100111100111110111111101011011101010101000110010000101110101110110100100111100101100000010010110111010

Accuracy = 0.775, Recall = 0.6586826347305389 for 1th section of the data
Accuracy = 0.79, Recall = 0.6759720837487537 for 2th section of the data
Accuracy = 0.7675, Recall = 0.6593843098311817 for 3th section of the data
Accuracy = 0.7805, Recall = 0.6495983935742972 for 4th section of the data
Accuracy = 0.7705, Recall = 0.6490528414755733 for 5th section of the data
Accuracy = 0.775, Recall = 0.641566265060241 for 6th section of the data
Accuracy = 0.7655, Recall = 0.6156941649899397 for 7th section of the data
Performance testing finished after 526.4317586421967 seconds
-------------------------------------------------

-------------------------------------------------
Nqubits,Depth,mu,lambda,ngen,mutpb,cxpb,Time
9,6,30,15,30,0.3,0.7,Fri Mar 24 14:52:54 2023

Simulation finished after 513.3628127574921 seconds training on 1000 samples
String - > 000011001011010010010101000100010001010110001001011011111001010101011111111100011010111000110011000101101010011011001110001110001101000101001110001011000110001100111000011000001010111110101110101111111000110011010110101101101101100111000011111111101110110110101001100011

Accuracy = 0.808, Recall = 0.7256281407035176 for 1th section of the data
Accuracy = 0.794, Recall = 0.7182539682539683 for 2th section of the data
Accuracy = 0.7955, Recall = 0.7077986179664363 for 3th section of the data
Accuracy = 0.7865, Recall = 0.6960486322188449 for 4th section of the data
Accuracy = 0.786, Recall = 0.678714859437751 for 5th section of the data
Accuracy = 0.7965, Recall = 0.7163886162904809 for 6th section of the data
Accuracy = 0.8055, Recall = 0.7031093279839519 for 7th section of the data
Performance testing finished after 533.9934582710266 seconds
-------------------------------------------------

-------------------------------------------------
Nqubits,Depth,mu,lambda,ngen,mutpb,cxpb,Time
9,8,30,15,30,0.3,0.7,Fri Mar 24 15:12:27 2023

Simulation finished after 638.9242191314697 seconds training on 1000 samples
String - > 010111100110111010000110111000111100101101000010001010001010011111011100001000110001111110011100010011000001010101111001010001101010101100111111101011111001000110001010000101110010110010100100101111101001010010110101000001011010011001001000101100101011111111001100000010101001111001001001000000010101011110001100111111010100001001110000011011110100110110001100

Accuracy = 0.8095, Recall = 0.7477744807121661 for 1th section of the data
Accuracy = 0.791, Recall = 0.7208835341365462 for 2th section of the data
Accuracy = 0.799, Recall = 0.7321248741188319 for 3th section of the data
Accuracy = 0.81, Recall = 0.7281059063136456 for 4th section of the data
Accuracy = 0.793, Recall = 0.7202797202797203 for 5th section of the data
Accuracy = 0.7935, Recall = 0.728 for 6th section of the data
Accuracy = 0.7905, Recall = 0.7213930348258707 for 7th section of the data
Performance testing finished after 641.6169288158417 seconds
-------------------------------------------------

-------------------------------------------------
Nqubits,Depth,mu,lambda,ngen,mutpb,cxpb,Time
9,8,30,15,30,0.3,0.7,Thu Mar 30 11:48:50 2023

Simulation finished after 1628.934677362442 seconds training on 2000 samples
String - > 100000101100000110110011110100110011010010011100100001011101111100000110101010001111001101100111100111111101101001111111110001110111001010100101111000000100100001111110001011101011101110100010010110000101011110010011111000101011000111011011100011101100101111110101010100000001001111011110011101011001111010001010111110111011110100100100111011001101011010011011

Accuracy = 0.8325, Recall = 0.8421578421578422 for 1th section of the data
Accuracy = 0.814, Recall = 0.7867203219315896 for 2th section of the data
Accuracy = 0.821, Recall = 0.8121272365805169 for 3th section of the data
Accuracy = 0.837, Recall = 0.8128834355828221 for 4th section of the data
Accuracy = 0.821, Recall = 0.8073122529644269 for 5th section of the data
Accuracy = 0.816, Recall = 0.8224852071005917 for 6th section of the data
Accuracy = 0.8385, Recall = 0.8265609514370664 for 7th section of the data
Performance testing finished after 494.2242429256439 seconds
-------------------------------------------------

